ID,age,gender
sub-A00060480,32.0,0
sub-0003012,33.59,0
sub-IXI160,39.39767283,1
sub-IXI103,31.80835044,0
sub-A00038115,38.0,1
sub-A00055962,36.0,1
sub-IXI022,30.67214237,0
sub-0003032,33.28,1
sub-IXI634,34.05612594,0
sub-IXI621,31.61670089,0
sub-0027243,36.0,0
sub-0027256,33.0,0
sub-IXI023,33.07871321,1
sub-IXI571,38.88569473,1
sub-1181,35.0,1
sub-IXI077,36.47912389,1
sub-91622,33.0,0
sub-15213,32.0,1
sub-A00043299,34.0,1
sub-A00029304,32.0,0
sub-29618,35.58,0
sub-16607,35.0,1
sub-0051476,39.3,0
sub-82754,30.0,0
sub-IXI146,33.59342916,0
sub-0051562,37.0,0
sub-0050,33.0,0
sub-85152,35.0,1
sub-1070,31.0,0
sub-0025446,30.0,0
sub-A00060259,32.0,1
sub-0051563,38.0,0
sub-A00051774,30.0,0
sub-IXI110,37.76591376,0
sub-0003024,39.04,0
sub-85922,30.0,0
sub-A00059074,35.0,1
sub-0027123,32.0,0
sub-A00037511,31.0,0
sub-IXI195,37.82888433,0
sub-A00053455,38.0,1
sub-0027114,35.0,1
sub-0025157,33.0,0
sub-0003047,32.63,0
sub-IXI469,32.83778234,0
sub-0051343,30.0,0
sub-IXI179,30.14373717,0
sub-A00050940,31.0,0
sub-82071,31.0,0
sub-IXI183,30.17659138,0
sub-IXI085,31.84941821,1
sub-A00054914,39.0,1
sub-IXI378,38.83915127,1
sub-IXI307,33.00479124,0
sub-A00031871,33.0,0
sub-A00053473,31.0,0
sub-76160,34.0,0
sub-0678,33.0,1
sub-IXI060,30.69952088,0
sub-0027034,32.0,0
sub-A00056489,36.0,0
sub-56353,32.0,0
sub-0025133,38.56,1
sub-0025053,34.9,0
sub-A00059756,34.0,1
sub-IXI136,35.80561259,0
sub-A00037783,38.0,0
sub-0051370,32.0,1
sub-IXI059,34.13826146,0
sub-A00053854,33.0,1
sub-0051345,35.0,0
sub-A00034385,34.0,1
sub-IXI084,38.23408624,1
sub-0027111,31.0,0
sub-IXI242,31.37029432,0
sub-0025169,32.82,0
sub-0025089,32.26,0
sub-0548,31.0,1
sub-8735778,31.0,1
sub-0025044,35.73,0
sub-61241,30.0,1
sub-38579,35.0,1
sub-A00074000,30.0,0
sub-0027415,33.0,0
sub-0025032,33.45,0
sub-A00061806,37.0,0
sub-0025479,32.0,0
sub-0051561,36.0,0
sub-IXI083,30.89390828,0
sub-3893245,38.0,1
sub-40143,34.0,0
sub-81887,32.0,0
sub-2799329,30.0,1
sub-0027252,32.0,1
sub-0026032,31.0,0
sub-09633,30.0,1
sub-0051568,37.0,0
sub-1020,35.0,0
sub-0025468,31.0,1
sub-0051567,34.0,0
sub-0051569,36.0,0
sub-38088,38.0,1
sub-IXI024,37.69746749,1
sub-27797,31.0,0
sub-0025467,30.0,0
sub-29935,33.0,1
sub-0025473,34.0,1
sub-0028653,37.0,1
sub-IXI474,34.01232033,1
sub-0163,31.0,0
sub-16563,34.0,0
sub-0199,31.0,1
sub-A00032875,37.0,1
sub-72971,30.0,0
sub-90658,32.0,1
sub-86323,31.0,1
sub-IXI470,35.9835729,0
sub-1338,31.0,0
sub-IXI143,31.95619439,1
sub-IXI309,33.92197125,0
sub-A00061284,31.0,1
sub-56945,30.0,0
sub-12855,33.0,0
sub-IXI561,31.57837098,1
sub-28722,30.0,1
sub-0486,31.0,0
sub-26938,31.0,0
sub-IXI208,33.99589322,0
sub-A00062934,34.0,0
sub-0051564,39.0,0
sub-A00060006,31.0,1
sub-79611,30.0,0
sub-A00040193,35.0,1
sub-0003059,30.66,1
sub-33259,31.0,0
sub-0513,33.0,1
sub-IXI113,32.3613963,1
sub-A00051927,38.0,1
sub-17516,31.0,0
sub-0051369,32.0,0
sub-0028648,33.0,1
sub-66945,31.0,0
sub-IXI035,37.14442163,1
sub-IXI097,35.02258727,1
sub-18219,33.0,1
sub-IXI306,30.18206708,1
sub-IXI618,37.94934976,0
sub-0051119,30.724,0
sub-86146,30.0,1
sub-A00043721,36.0,1
sub-0003034,31.59,1
sub-36229,34.0,0
sub-37548,30.0,0
sub-IXI130,38.77344285,0
sub-A00054441,32.0,1
sub-0026017,39.0,0
sub-A00052181,37.0,1
sub-IXI348,38.58726899,1
sub-IXI388,33.34976044,0
sub-1320,35.0,0
sub-IXI049,31.85489391,0
sub-IXI601,35.51540041,0
sub-A00037725,30.0,0
sub-1435,33.0,1
sub-0027051,30.0,0
sub-IXI177,34.28884326,0
sub-IXI012,38.7816564,0
sub-54887,31.0,1
sub-IXI026,34.47775496,1
sub-75153,32.0,1
sub-IXI234,33.13347023,0
sub-0051362,33.0,0
sub-0051363,32.0,0
sub-23750,37.0,0
sub-A00056098,34.0,1
sub-54329,30.0,1
sub-IXI184,30.11909651,0
sub-IXI532,36.55304586,0
sub-IXI423,39.02258727,0
sub-A00056556,38.0,0
sub-0013,33.0,0
sub-IXI014,34.23682409,1
sub-1037,31.0,0
sub-0028651,31.0,0
sub-A00031605,39.0,1
sub-A00087118,39.0,1
sub-0027125,30.0,1
sub-0003021,37.42,1
sub-A00060632,33.0,0
sub-IXI568,33.68651608,1
sub-0025171,31.69,0
sub-1372,31.0,0
sub-0027278,32.0,0
sub-IXI139,32.93634497,0
sub-0025435,30.0,1
sub-0050039,30.66,0
sub-IXI241,30.00684463,0
sub-IXI037,37.21013005,1
sub-0026004,36.0,0
sub-IXI170,31.59206023,1
sub-IXI106,36.67077344,0
sub-A00062248,30.0,1
sub-47659,33.13,0
sub-0003023,32.3,1
sub-A00062282,38.0,0
sub-0025147,31.8,0
sub-0003036,30.3,1
sub-A00061276,37.0,1
sub-A00035072,36.0,1
sub-29585,34.43,0
sub-IXI092,33.24024641,0
sub-33677,32.0,0
sub-0547,33.0,0
sub-IXI020,39.4661191,0
sub-0027270,31.0,1
sub-0050669,30.0,1
sub-IXI475,32.70362765,1
sub-0003020,31.25,0
sub-89049,35.0,0
sub-A00039391,37.0,1
sub-1276,31.0,0
sub-0051489,34.1,0
sub-IXI300,38.27789185,0
sub-A00037848,32.0,0
sub-0050052,33.24,0
sub-9630905,36.0,1
sub-0003040,36.25,0
sub-87091,38.0,0
sub-IXI454,32.57768652,0
sub-IXI510,32.42436687,1
sub-0021018,36.0,1
sub-47907,38.0,0
sub-IXI027,30.41752225,0
sub-A00035827,36.0,0
sub-80089,31.0,1
sub-31837,34.0,1
sub-IXI107,31.89596167,1
sub-A00040151,32.0,1
sub-90893,39.0,1
sub-0027260,30.0,1
sub-70752,39.0,0
sub-1066,31.0,0
sub-IXI427,34.28336756,0
sub-A00088716,39.0,0
sub-0025051,33.22,1
sub-0431,31.0,1
sub-66085,30.0,0
sub-A00033832,39.0,1
sub-76987,32.0,0
sub-54976,37.0,0
sub-IXI192,38.93771389,0
sub-59589,32.0,1
sub-A00057965,37.0,0
sub-IXI109,36.46817248,1
sub-A00055806,30.0,1
sub-20718,39.0,0
sub-A00088338,39.0,0
sub-81464,38.0,0
sub-A00066788,39.0,1
sub-0003060,30.44,1
sub-67166,32.0,1
sub-A00060372,30.0,1
sub-57028,37.0,1
sub-0003038,34.72,0
sub-0376,33.0,1
sub-A00029126,34.0,0
sub-IXI119,32.16974675,1
sub-0025090,38.84,1
sub-0025031,33.52,1
sub-26796,33.0,0
sub-A00030947,36.0,1
sub-0051366,32.0,1
sub-IXI086,30.0698152,0
sub-IXI524,33.51676934,1
sub-IXI071,37.00205339,1
sub-IXI240,39.03627652,0
sub-A00063326,35.0,0
sub-13959,31.39,0
sub-A00066865,36.0,1
sub-0027226,36.0,0
sub-A00040623,34.0,1
sub-IXI138,33.13894593,1
sub-13304,35.0,1
sub-1176,31.0,0
sub-0025050,32.57,0
sub-A00037866,37.0,0
sub-0027250,33.0,1
sub-0025137,33.75,0
sub-1139,33.0,0
sub-A00037396,31.0,1
sub-A00040944,35.0,0
sub-IXI547,33.83162218,0
sub-04097,36.0,0
sub-IXI121,35.07186858,0
sub-A00052560,38.0,0
sub-0026005,38.0,0
sub-IXI222,36.06023272,1
sub-IXI422,37.09787817,0
sub-0133,31.0,0
sub-0025138,31.51,0
sub-32574,32.0,0
sub-0027037,35.0,1
sub-08806,32.0,0
sub-0025033,30.78,0
sub-A00037582,37.0,0
sub-IXI587,33.59342916,0
sub-A00054019,32.0,1
sub-0032,31.0,1
sub-A00066282,38.0,1
sub-A00039431,33.0,1
sub-15817,31.0,0
sub-16849,34.0,0
sub-IXI541,36.42162902,1
sub-IXI599,39.38398357,0
sub-0025155,30.72,0
sub-A00053902,37.0,1
sub-IXI002,35.80013689,1
sub-07286,35.0,1
sub-A00055763,36.0,0
sub-IXI105,38.90212183,0
sub-0003009,33.82,0
sub-96234,30.0,1
sub-0027245,39.0,0
sub-IXI261,34.20670773,0
sub-0050042,33.17,0
sub-IXI209,32.64339493,0
sub-A00055447,36.0,0
sub-A00030989,30.0,1
sub-0066,31.0,0
sub-0025150,32.17,0
sub-0802,31.0,0
sub-47791,31.0,0
sub-A00051676,32.0,0
sub-IXI031,31.13483915,0
sub-09397,30.0,0
sub-A00053475,30.0,0
sub-IXI267,35.44695414,0
sub-05669,38.0,1
sub-1087,31.0,0
sub-0026039,39.0,0
sub-51677,37.0,0
sub-91116,39.0,0
sub-0867,31.0,1
sub-IXI291,30.68856947,1
sub-0051068,31.78,0
sub-1346,33.0,1
sub-0003033,32.52,0
sub-IXI517,36.16427105,0
sub-A00037445,31.0,1
sub-40451,34.0,0
sub-0601,35.0,1
sub-0050666,31.0,0
sub-0051154,30.08,0
sub-0027416,30.0,1
sub-0003022,38.01,0
sub-0025875,30.0,1
sub-0025141,31.78,0
sub-IXI224,36.91991786,1
sub-IXI633,36.7063655,0
sub-0027061,30.0,0
sub-0021006,32.0,1
sub-0025027,39.95,0
sub-61001,31.0,1
sub-06204,34.0,0
sub-A00062288,33.0,0
sub-IXI062,36.21629021,0
sub-A00037112,35.0,1
sub-0051565,39.0,0
sub-IXI600,38.9596167,0
sub-A00031625,30.0,1
sub-0027440,30.0,0
sub-05818,36.0,0
sub-A00056306,37.0,1
sub-0091,33.0,0
sub-IXI046,37.73305955,1
sub-0051338,30.0,0
sub-A00052340,33.0,1
sub-IXI612,33.91649555,0
sub-67196,34.0,0
sub-A00066236,33.0,0
sub-07210,32.0,1
sub-0050665,33.0,0
sub-A00059428,34.0,1
sub-6471972,32.0,1
sub-0003049,30.31,0
sub-A00056949,33.0,1
sub-0990,31.0,1
sub-0003042,35.18,0
sub-A00054857,39.0,1
sub-A00058952,38.0,0
sub-0003044,30.95,0
sub-IXI052,33.76317591,1
sub-IXI573,35.45516769,1
sub-IXI586,34.36550308,0
sub-29611,33.53,1
sub-69020,31.0,1
sub-0427,31.0,1
sub-0051155,30.78,0
sub-1271,33.0,0
sub-A00035036,30.0,0
sub-0003004,31.15,0
sub-IXI075,35.99178645,1
sub-IXI030,31.46064339,0
sub-0026037,34.0,0
sub-IXI218,35.40588638,1
sub-0025049,30.08,0
sub-IXI617,39.17590691,0
